[
  {
    "_id": "1",
    "Image": "https://i.ibb.co/hKqf0CR/book1.png",
    "Title": "৪৪তম বিসিএস প্রিলিমিনারি",
    "productDescription": "এই প্রোডাক্টটি প্রাথমিক পরীক্ষার জন্য একটি সম্পূর্ণ অধ্যয়ন উপাদান প্রদান করে। এটি বিসিএস প্রিলিমিনারি পরীক্ষার জন্য সমস্ত প্রস্তুতি এবং অনুশাসন উন্নত করতে সাহায্য করবে। এই প্রোডাক্টটি বিভিন্ন বিষয়ের নির্দেশনা, ব্যাক্তিগত স্টাডি প্ল্যান, এবং সোল্যুশন সহিত সম্পূর্ণ হাতেকলমে তৈরি করা হয়েছে। এই প্রোডাক্টটি প্রাথমিক পরীক্ষার জন্য আপনার স্বপ্নপুরী পেশায় এক স্টেপ আগে যেতে সাহায্য করবে।",
    "review": "4.5",
    "oldPrice": 50.0,
    "newest": true,
    "currentPrice": 45.0
  },
  {
    "_id": "2",
    "Image": "https://i.ibb.co/hKqf0CR/book1.png",
    "Title": "৫০তম বিসিএস প্রিলিমিনারি",
    "productDescription": "এই সম্পূর্ণ অধ্যয়ন উপাদানটি আপনার ৫০তম বিসিএস প্রিলিমিনারি পরীক্ষার জন্য সকল প্রস্তুতি এবং সঠিক দিকে প্রেরণা প্রদান করবে। এটি বিভিন্ন বিষয়ের আচরণ প্রশ্নের সাথে সম্পূর্ণ উত্তর এবং সাহায্যকারী প্রশ্নোত্তর, উপস্থাপনা, এবং অধ্যয়ন সূচিগুলির সাথে আসে। এই প্রোডাক্টটি পরীক্ষার জন্য সঠিক পথে আপনাকে নেতৃত্ব দেবে এবং আপনার প্রস্তুতি নিরাপদ করতে সাহায্য করবে।",
    "review": "4.2",
    "oldPrice": 60.0,
    "newest": true,
    "currentPrice": 55.0
  },
  {
    "_id": "3",
    "Image": "https://i.ibb.co/hKqf0CR/book1.png",
    "Title": "৫৩তম বিসিএস প্রিলিমিনারি",
    "productDescription": "এই প্রোডাক্টটি আপনাকে ৫৩তম বিসিএস প্রিলিমিনারি পরীক্ষার জন্য সম্পূর্ণ প্রস্তুত করতে সাহায্য করবে। এটি সম্পূর্ণ অধ্যয়ন উপাদান সহিত, বিভিন্ন বিষয়ের জন্য পরীক্ষার স্থানান্তরণ এবং সময় ব্যবস্থাপনা পর্যাপ্তভাবে প্রদান করে। এই প্রোডাক্টটি আপনার প্রিলিমিনারি পরীক্ষার জন্য নিরাপদ প্রস্তুতি নিশ্চিত করতে সাহায্য করবে।",
    "review": "4.8",
    "oldPrice": 40.0,
    "newest": true,
    "currentPrice": 35.0
  },
  {
    "_id": "4",
    "Image": "https://i.ibb.co/hKqf0CR/book1.png",
    "Title": "৪৯তম বিসিএস প্রিলিমিনারি",
    "productDescription": "এই প্রোডাক্টটি আপনাকে ৪৯তম বিসিএস প্রিলিমিনারি পরীক্ষার জন্য সম্পূর্ণ অধ্যয়ন উপাদান প্রদান করবে। এটি বিভিন্ন বিষয়ের জন্য সঠিক দিকে প্রেরণা প্রদান করবে এবং আপনাকে পরীক্ষার সময় প্রস্তুত করতে সাহায্য করবে।",
    "review": "4.1",
    "oldPrice": 70.0,
    "newest": true,
    "currentPrice": 65.0
  },
  {
    "_id": "5",
    "Image": "https://i.ibb.co/hKqf0CR/book1.png",
    "Title": "৭০তম বিসিএস প্রিলিমিনারি",
    "productDescription": "এই সম্পূর্ণ অধ্যয়ন উপাদানটি আপনার ৭০তম বিসিএস প্রিলিমিনারি পরীক্ষার জন্য এবং সফলভাবে প্রস্তুত হতে সাহায্য করবে। এটি সম্পূর্ণ অধ্যয়ন উপাদান, প্রশ্নের সাথে সঠিক উত্তর, এবং পরীক্ষার দিকে সঠিক দিকে প্রেরণা প্রদান করে।",
    "review": "4.6",
    "oldPrice": 55.0,
    "newest": true,
    "currentPrice": 50.0
  },
  {
    "_id": "6",
    "Image": "https://i.ibb.co/hKqf0CR/book1.png",
    "Title": "২০তম বিসিএস প্রিলিমিনারি",
    "productDescription": "এই প্রোডাক্টটি আপনাকে ২০তম বিসিএস প্রিলিমিনারি পরীক্ষার জন্য সম্পূর্ণ অধ্যয়ন উপাদান প্রদান করবে। এটি বিভিন্ন বিষয়ের অধ্যয়ন সূচি, উত্তর, এবং পরীক্ষার সঠিক দিকে প্রেরণা প্রদান করে।",
    "review": "4.3",
    "oldPrice": 45.0,
    "newest": true,
    "currentPrice": 40.0
  },
  {
    "_id": "7",
    "Image": "https://i.ibb.co/hKqf0CR/book1.png",
    "Title": "৪৪তম বিসিএস প্রিলিমিনারি",
    "productDescription": "এই প্রোডাক্টটি প্রাথমিক বিসিএস প্রিলিমিনারি পরীক্ষার জন্য সম্পূর্ণ অধ্যয়ন উপাদান প্রদান করে। এটি সম্পূর্ণ অধ্যয়ন উপাদান, উত্তর, এবং অধ্যয়ন সূচি সহিত প্রস্তুত করা হয়েছে।",
    "review": "4.9",
    "oldPrice": 30.0,
    "newest": true,
    "currentPrice": 25.0
  },
  {
    "_id": "8",
    "Image": "https://i.ibb.co/hKqf0CR/book1.png",
    "Title": "৬২তম বিসিএস প্রিলিমিনারি",
    "productDescription": "এই প্রোডাক্টটি আপনাকে ৬২তম বিসিএস প্রিলিমিনারি পরীক্ষার জন্য সম্পূর্ণ অধ্যয়ন উপাদান প্রদান করবে এবং আপনার প্রস্তুতি সঠিকভাবে সাথে নেতৃত্ব দেবে।",
    "review": "4.0",
    "oldPrice": 80.0,
    "newest": true,
    "currentPrice": 75.0
  },
  {
    "_id": "9",
    "Image": "https://i.ibb.co/hKqf0CR/book1.png",
    "Title": "৩২তম বিসিএস প্রিলিমিনারি",
    "productDescription": "এই প্রোডাক্টটি আপনাকে ৩২তম বিসিএস প্রিলিমিনারি পরীক্ষার জন্য সম্পূর্ণ অধ্যয়ন উপাদান সহিত সঠিক দিকে প্রেরণা প্রদান করবে।",
    "review": "4.7",
    "oldPrice": 35.0,
    "newest": false,
    "currentPrice": 30.0
  },
  {
    "_id": "10",
    "Image": "https://images.unsplash.com/photo-1521123845560-14093637aa7d?ixlib=rb-4.0.3&ixid=M3wxMjA3fDB8MHxwaG90by1wYWdlfHx8fGVufDB8fHx8fA%3D%3D&auto=format&fit=crop&w=2070&q=80",
    "Title": "৫৫তম বিসিএস প্রিলিমিনারি",
    "productDescription": "এই সম্পূর্ণ অধ্যয়ন উপাদানটি আপনার ৫৫তম বিসিএস প্রিলিমিনারি পরীক্ষার জন্য এবং সফলভাবে প্রস্তুত হতে সাহায্য করবে। এটি বিভিন্ন বিষয়ের জন্য সঠিক দিকে প্রেরণা প্রদান করে এবং আপনাকে পরীক্ষার দিকে সঠিক দিকে প্রেরণা দেবে।",
    "review": "4.4",
    "oldPrice": 65.0,
    "newest": false,
    "currentPrice": 60.0
  }
]
